{
  "Hyunjoo": 12748199.029000003,
  "Seohye": 9173937.619,
  "Wooseon": 8578227.384000001
}