{
  "Hyunjoo": 12383474.313599998,
  "Seohye": 8911472.169599999,
  "Wooseon": 8332805.145599999
}