{
  "Hyunjoo": 12633813.482400002,
  "Seohye": 9091622.7864,
  "Wooseon": 8501257.670400001
}