{
  "Hyunjoo": 12679086.552000003,
  "Seohye": 9124202.472000001,
  "Wooseon": 8531721.792000001
}