{
  "Hyunjoo": 12702633.614000002,
  "Seohye": 9141147.554000001,
  "Wooseon": 8547566.544
}