{
  "Hyunjoo": 12771612.983000001,
  "Seohye": 9190786.912999999,
  "Wooseon": 8593982.568
}