{
  "Hyunjoo": 12534003.732599998,
  "Seohye": 9019797.078599999,
  "Wooseon": 8434095.9696
}